bank_ref,gl_doc,match_status,mismatch_type,note
FEE-RJRN,BANKFEE-6VX,Matched,Partial Payment,1 sub-txns combined
PEND-FGCAQ,RCPT-5NQ4,Matched,Partial Payment,1 sub-txns combined
SRV-9TMQL,SRVRCPT-IZL,Matched,,
SRV-RM8J5,SRVRCPT-ECR,Matched,,
SRV-49KWV,SRVRCPT-08H,Matched,,
SRV-R09SK,SRVRCPT-DGI,Matched,,
SRV-TJ9TZ,SRVRCPT-E5R,Matched,,
TXN-FPZUE,RCPT-T4UF,Matched,,
TXN-SYLZT,RCPT-P7Y6,Matched,,
TXN-02DGT,RCPT-PKI7,Matched,,
TXN-A3KX7,RCPT-J60F,Matched,,
TXN-B9487,RCPT-FRHO,Matched,,
TXN-G8SBI,RCPT-Q2Y9,Matched,,
TXN-GCX19,RCPT-5NQ4,Matched,,
TXN-HJ7XV,RCPT-TIQJ,Matched,,
TXN-HXTHV,RCPT-1FPK,Matched,,
TXN-OYN6Q,RCPT-IMVI,Matched,,
TXN-TSEMC,RCPT-NF4Z,Matched,,
TXN-XKXWD,RCPT-YIHA,Matched,,
TXN-ZHWJR,RCPT-DPJA,Matched,,
TXN-5O7UU,RCPT-WPVS,Matched,,
TXN-JI0Y6,RCPT-VBDI,Matched,,
TXN-N78BM,RCPT-YMU5,Matched,,
TXN-2D54I,RCPT-M35I,Matched,,
SRV-FGSXW,SRVRCPT-71Q,Matched,,
SRV-JKV5U,SRVRCPT-SGI,Matched,,
SRV-KQ1UY,SRVRCPT-MRL,Matched,,
SRV-RZQAK,SRVRCPT-OIX,Matched,,
SRV-UK9E1,SRVRCPT-V2I,Matched,,
TXN-1SWJC,RCPT-IM6C,Matched,,
TXN-4COWG,RCPT-RIXA,Matched,,
TXN-7IF2G,RCPT-A0L7,Matched,,
TXN-7TZ0Y,RCPT-P87W,Matched,,
TXN-DD4V3,RCPT-T9NT,Matched,,
TXN-YZCOT,RCPT-C3O1,Matched,,
TXN-AO72K,RCPT-T026,Matched,,
TXN-IRODX,RCPT-PQ0Y,Matched,,
TXN-L1C32,RCPT-JH75,Matched,,
TXN-LA753,RCPT-IIUC,Matched,,
TXN-SDBDW,RCPT-VNVQ,Matched,,
TXN-YE511,RCPT-EPQ8,Matched,,
TXN-ZIOYK,RCPT-77AW,Matched,,
TXN-R5XFF,RCPT-T0PV,Matched,,
TXN-T0CVS,RCPT-F8CG,Matched,,
TXN-TEX8F,RCPT-5PHT,Matched,,
TXN-6WZS3,RCPT-QF5Q,Matched,,
TXN-DP0LV,RCPT-E6GB,Matched,,
TXN-G65KX,RCPT-HNF8,Matched,,
TXN-KC1MS,RCPT-LA5J,Matched,,
TXN-O4KH2,RCPT-XQPH,Matched,,
TXN-ZCCBL,RCPT-IYHE,Matched,,
TXN-R7KO6,-,Review,Duplicate,Duplicate with TXN-T0CVS
TXN-T0CVS,-,Review,Duplicate,Duplicate with TXN-R7KO6
TXN-02DGT,-,Review,Duplicate,Duplicate with TXN-JI0Y6
TXN-02DGT,-,Review,Duplicate,Duplicate with TXN-N78BM
TXN-JI0Y6,-,Review,Duplicate,Duplicate with TXN-02DGT
TXN-JI0Y6,-,Review,Duplicate,Duplicate with TXN-N78BM
TXN-SYLZT,-,Review,Duplicate,Duplicate with TXN-FPZUE
TXN-N78BM,-,Review,Duplicate,Duplicate with TXN-02DGT
TXN-N78BM,-,Review,Duplicate,Duplicate with TXN-JI0Y6
TXN-FPZUE,-,Review,Duplicate,Duplicate with TXN-SYLZT
SRV-UK9E1,-,Review,Duplicate,Duplicate with SRV-R09SK
TXN-HJ7XV,-,Review,Duplicate,Duplicate with TXN-DD4V3
TXN-KC1MS,-,Review,Duplicate,Duplicate with TXN-4COWG
SRV-R09SK,-,Review,Duplicate,Duplicate with SRV-UK9E1
TXN-OYN6Q,-,Review,Duplicate,Duplicate with TXN-1SWJC
TXN-DD4V3,-,Review,Duplicate,Duplicate with TXN-HJ7XV
TXN-DD4V3,-,Review,Duplicate,Duplicate with PEND-63CFL
TXN-DD4V3,-,Review,Duplicate,Duplicate with TXN-2D54I
TXN-DD4V3,-,Review,Duplicate,Duplicate with PEND-FGCAQ
PEND-63CFL,-,Review,Duplicate,Duplicate with TXN-DD4V3
PEND-63CFL,-,Review,Duplicate,Duplicate with TXN-2D54I
PEND-63CFL,-,Review,Duplicate,Duplicate with PEND-FGCAQ
TXN-1SWJC,-,Review,Duplicate,Duplicate with TXN-OYN6Q
TXN-2D54I,-,Review,Duplicate,Duplicate with TXN-DD4V3
TXN-2D54I,-,Review,Duplicate,Duplicate with PEND-63CFL
TXN-2D54I,-,Review,Duplicate,Duplicate with PEND-FGCAQ
TXN-4COWG,-,Review,Duplicate,Duplicate with TXN-KC1MS
TXN-YE511,-,Review,Duplicate,Duplicate with TXN-G65KX
TXN-YE511,-,Review,Duplicate,Duplicate with TXN-ZHWJR
PEND-FGCAQ,-,Review,Duplicate,Duplicate with TXN-DD4V3
PEND-FGCAQ,-,Review,Duplicate,Duplicate with PEND-63CFL
PEND-FGCAQ,-,Review,Duplicate,Duplicate with TXN-2D54I
TXN-G65KX,-,Review,Duplicate,Duplicate with TXN-YE511
TXN-G65KX,-,Review,Duplicate,Duplicate with TXN-ZHWJR
TXN-ZHWJR,-,Review,Duplicate,Duplicate with TXN-YE511
TXN-ZHWJR,-,Review,Duplicate,Duplicate with TXN-G65KX
TXN-R5XFF,-,Review,Duplicate,Duplicate with TXN-SDBDW
TXN-SDBDW,-,Review,Duplicate,Duplicate with TXN-R5XFF
TXN-TEX8F,-,Review,Duplicate,Duplicate with TXN-LA753
TXN-LA753,-,Review,Duplicate,Duplicate with TXN-TEX8F
TXN-LA753,-,Review,Duplicate,Duplicate with TXN-TSEMC
PEND-EYZ7S,-,Review,Duplicate,Duplicate with PEND-BKK4C
TXN-TSEMC,-,Review,Duplicate,Duplicate with TXN-LA753
TXN-TSEMC,-,Review,Duplicate,Duplicate with TXN-5O7UU
TXN-TSEMC,-,Review,Duplicate,Duplicate with TXN-HXTHV
TXN-IRODX,-,Review,Duplicate,Duplicate with TXN-O4KH2
TXN-DP0LV,-,Review,Duplicate,Duplicate with TXN-6WZS3
TXN-DP0LV,-,Review,Duplicate,Duplicate with TXN-GCX19
TXN-5O7UU,-,Review,Duplicate,Duplicate with TXN-TSEMC
TXN-5O7UU,-,Review,Duplicate,Duplicate with TXN-HXTHV
PEND-BKK4C,-,Review,Duplicate,Duplicate with PEND-EYZ7S
TXN-HXTHV,-,Review,Duplicate,Duplicate with TXN-TSEMC
TXN-HXTHV,-,Review,Duplicate,Duplicate with TXN-5O7UU
TXN-6WZS3,-,Review,Duplicate,Duplicate with TXN-DP0LV
TXN-6WZS3,-,Review,Duplicate,Duplicate with TXN-GCX19
TXN-GCX19,-,Review,Duplicate,Duplicate with TXN-DP0LV
TXN-GCX19,-,Review,Duplicate,Duplicate with TXN-6WZS3
TXN-O4KH2,-,Review,Duplicate,Duplicate with TXN-IRODX
TXN-7IF2G,-,Review,Duplicate,Duplicate with TXN-A3KX7
TXN-A3KX7,-,Review,Duplicate,Duplicate with TXN-7IF2G
TXN-R7KO6,RCPTFX-E8QJ,Review,,
FEE-RJRN,RCPT-XRGH,Unmatched,,
PEND-FGCAQ,RCPTFX-8DAL,Unmatched,,
PEND-2V2HE,RCPTFX-APRP,Unmatched,,
