bank_ref,gl_doc,status,reason
SRV-9TMQL,SRVRCPT-IZL,TRUE_POSITIVE,Ghép đúng theo answer key
SRV-RM8J5,SRVRCPT-ECR,TRUE_POSITIVE,Ghép đúng theo answer key
SRV-49KWV,SRVRCPT-08H,TRUE_POSITIVE,Ghép đúng theo answer key
SRV-R09SK,SRVRCPT-DGI,TRUE_POSITIVE,Ghép đúng theo answer key
SRV-TJ9TZ,SRVRCPT-E5R,TRUE_POSITIVE,Ghép đúng theo answer key
TXN-FPZUE,RCPT-T4UF,TRUE_POSITIVE,Ghép đúng theo answer key
TXN-SYLZT,RCPT-P7Y6,TRUE_POSITIVE,Ghép đúng theo answer key
TXN-02DGT,RCPT-PKI7,TRUE_POSITIVE,Ghép đúng theo answer key
TXN-A3KX7,RCPT-J60F,TRUE_POSITIVE,Ghép đúng theo answer key
TXN-B9487,RCPT-FRHO,TRUE_POSITIVE,Ghép đúng theo answer key
TXN-G8SBI,RCPT-Q2Y9,TRUE_POSITIVE,Ghép đúng theo answer key
TXN-GCX19,RCPT-5NQ4,TRUE_POSITIVE,Ghép đúng theo answer key
TXN-HJ7XV,RCPT-TIQJ,TRUE_POSITIVE,Ghép đúng theo answer key
TXN-HXTHV,RCPT-1FPK,TRUE_POSITIVE,Ghép đúng theo answer key
TXN-OYN6Q,RCPT-IMVI,TRUE_POSITIVE,Ghép đúng theo answer key
TXN-TSEMC,RCPT-NF4Z,TRUE_POSITIVE,Ghép đúng theo answer key
TXN-XKXWD,RCPT-YIHA,TRUE_POSITIVE,Ghép đúng theo answer key
TXN-ZHWJR,RCPT-DPJA,TRUE_POSITIVE,Ghép đúng theo answer key
TXN-5O7UU,RCPT-WPVS,TRUE_POSITIVE,Ghép đúng theo answer key
TXN-JI0Y6,RCPT-VBDI,TRUE_POSITIVE,Ghép đúng theo answer key
TXN-N78BM,RCPT-YMU5,TRUE_POSITIVE,Ghép đúng theo answer key
TXN-2D54I,RCPT-M35I,TRUE_POSITIVE,Ghép đúng theo answer key
SRV-FGSXW,SRVRCPT-71Q,TRUE_POSITIVE,Ghép đúng theo answer key
SRV-JKV5U,SRVRCPT-SGI,TRUE_POSITIVE,Ghép đúng theo answer key
SRV-KQ1UY,SRVRCPT-MRL,TRUE_POSITIVE,Ghép đúng theo answer key
SRV-RZQAK,SRVRCPT-OIX,TRUE_POSITIVE,Ghép đúng theo answer key
SRV-UK9E1,SRVRCPT-V2I,TRUE_POSITIVE,Ghép đúng theo answer key
TXN-1SWJC,RCPT-IM6C,TRUE_POSITIVE,Ghép đúng theo answer key
TXN-4COWG,RCPT-RIXA,TRUE_POSITIVE,Ghép đúng theo answer key
TXN-7IF2G,RCPT-A0L7,TRUE_POSITIVE,Ghép đúng theo answer key
TXN-7TZ0Y,RCPT-P87W,TRUE_POSITIVE,Ghép đúng theo answer key
TXN-DD4V3,RCPT-T9NT,TRUE_POSITIVE,Ghép đúng theo answer key
TXN-YZCOT,RCPT-C3O1,TRUE_POSITIVE,Ghép đúng theo answer key
TXN-IRODX,RCPT-PQ0Y,TRUE_POSITIVE,Ghép đúng theo answer key
TXN-L1C32,RCPT-JH75,TRUE_POSITIVE,Ghép đúng theo answer key
TXN-LA753,RCPT-IIUC,TRUE_POSITIVE,Ghép đúng theo answer key
TXN-SDBDW,RCPT-VNVQ,TRUE_POSITIVE,Ghép đúng theo answer key
TXN-YE511,RCPT-EPQ8,TRUE_POSITIVE,Ghép đúng theo answer key
TXN-ZIOYK,RCPT-77AW,TRUE_POSITIVE,Ghép đúng theo answer key
TXN-R5XFF,RCPT-T0PV,TRUE_POSITIVE,Ghép đúng theo answer key
TXN-T0CVS,RCPT-F8CG,TRUE_POSITIVE,Ghép đúng theo answer key
TXN-TEX8F,RCPT-5PHT,TRUE_POSITIVE,Ghép đúng theo answer key
TXN-6WZS3,RCPT-QF5Q,TRUE_POSITIVE,Ghép đúng theo answer key
TXN-DP0LV,RCPT-E6GB,TRUE_POSITIVE,Ghép đúng theo answer key
TXN-G65KX,RCPT-HNF8,TRUE_POSITIVE,Ghép đúng theo answer key
TXN-KC1MS,RCPT-LA5J,TRUE_POSITIVE,Ghép đúng theo answer key
TXN-O4KH2,RCPT-XQPH,TRUE_POSITIVE,Ghép đúng theo answer key
TXN-ZCCBL,RCPT-IYHE,TRUE_POSITIVE,Ghép đúng theo answer key
TXN-AO72K,RCPT-T026,FALSE_POSITIVE,Ghép không khớp với answer key
TXN-AO72K,RCPT-XRGH,FALSE_NEGATIVE,Cặp ghép đúng bị bỏ sót
TXN-R7KO6,RCPT-T026,FALSE_NEGATIVE,Cặp ghép đúng bị bỏ sót
FEE-RJRN,BANKFEE-Y20,FALSE_NEGATIVE,Cặp ghép đúng bị bỏ sót
FEE-479T,BANKFEE-6VX,FALSE_NEGATIVE,Cặp ghép đúng bị bỏ sót
USDTXN-EQBN,RCPTFX-QM5K,FALSE_NEGATIVE,Cặp ghép đúng bị bỏ sót
USDTXN-4Q0B,RCPTFX-IC8B,FALSE_NEGATIVE,Cặp ghép đúng bị bỏ sót
USDTXN-HAFE,RCPTFX-E8QJ,FALSE_NEGATIVE,Cặp ghép đúng bị bỏ sót
USDTXN-V8Z2,RCPTFX-8DAL,FALSE_NEGATIVE,Cặp ghép đúng bị bỏ sót
USDTXN-7HV3,RCPTFX-D14V,FALSE_NEGATIVE,Cặp ghép đúng bị bỏ sót
USDTXN-MPNS,RCPTFX-APRP,FALSE_NEGATIVE,Cặp ghép đúng bị bỏ sót
