bank_ref,gl_doc,partner,f_text,Recall@3,Rank
FEE-RJRN,RCPT-IIUC,Cao Van MM,0.4274,1.0,1
FEE-RJRN,RCPT-5NQ4,Ngo Van KK,0.4213,1.0,2
FEE-RJRN,BANKFEE-6VX,-,0.4188,1.0,3
PEND-2V2HE,RCPT-C3O1,Tong Bao Y,0.9219,0.0,1
PEND-2V2HE,RCPT-T026,Tong Bao Y,0.9219,0.0,2
PEND-2V2HE,RCPT-XRGH,Tong Bao Y,0.9219,0.0,3
PEND-63CFL,RCPT-A0L7,Dang Thu J,0.9431,0.0,1
PEND-63CFL,RCPT-1FPK,Dang Thi JJ,0.5914,0.0,2
PEND-63CFL,BANKFEE-6VX,-,0.5683,0.0,3
PEND-BKK4C,SRVRCPT-OIX,Mai Van SS,0.9397,0.0,1
PEND-BKK4C,ADJ-PK9P,-,0.8175,0.0,2
PEND-BKK4C,BANKFEE-6VX,-,0.8175,0.0,3
PEND-EYZ7S,BANKFEE-6VX,-,0.925,0.0,1
PEND-EYZ7S,ADJ-PK9P,-,0.925,0.0,2
PEND-EYZ7S,ADJ-CBPL,-,0.925,0.0,3
PEND-FGCAQ,SRVRCPT-MRL,Bui Minh F,0.9516,0.0,1
PEND-FGCAQ,ADJ-PK9P,-,0.5549,0.0,2
PEND-FGCAQ,BANKFEE-6VX,-,0.5549,0.0,3
SRV-R09SK,RCPT-F8CG,Ta Van VV,0.9419,1.0,1
SRV-R09SK,RCPT-VBDI,Ta Van VV,0.9419,1.0,2
SRV-R09SK,SRVRCPT-DGI,Ta Van VV,0.9419,1.0,3
SRV-UK9E1,SRVRCPT-SGI,Diep Thi ZZ,0.9485,1.0,1
SRV-UK9E1,SRVRCPT-V2I,Diep Thi ZZ,0.9485,1.0,2
SRV-UK9E1,BANKFEE-6VX,-,0.844,1.0,3
TXN-02DGT,RCPT-PKI7,Diep Lan Z,0.9501,1.0,1
TXN-02DGT,SRVRCPT-SGI,Diep Thi ZZ,0.5807,1.0,2
TXN-02DGT,SRVRCPT-V2I,Diep Thi ZZ,0.5807,1.0,3
TXN-1SWJC,RCPT-IM6C,Quach Anh R,0.9492,1.0,1
TXN-1SWJC,RCPT-JH75,Quach Thi RR,0.5824,1.0,2
TXN-1SWJC,RCPT-WPVS,Quach Thi RR,0.5824,1.0,3
TXN-2D54I,RCPT-YIHA,Ngo Duc K,0.939,1.0,1
TXN-2D54I,RCPTFX-8DAL,Ngo Duc K,0.939,1.0,2
TXN-2D54I,RCPT-M35I,Ngo Duc K,0.939,1.0,3
TXN-4COWG,RCPT-RIXA,Dinh Thi NN,0.9364,1.0,1
TXN-4COWG,RCPT-DPJA,Dinh Hai N,0.6255,1.0,2
TXN-4COWG,RCPTFX-QM5K,Dinh Hai N,0.6255,1.0,3
TXN-5O7UU,RCPT-WPVS,Quach Thi RR,0.9563,1.0,1
TXN-5O7UU,RCPT-JH75,Quach Thi RR,0.9563,1.0,2
TXN-5O7UU,RCPT-IM6C,Quach Anh R,0.648,1.0,3
TXN-6WZS3,RCPT-QF5Q,Vo Thi WW,0.933,1.0,1
TXN-6WZS3,RCPT-5PHT,Vo Thi WW,0.933,1.0,2
TXN-6WZS3,RCPT-HNF8,Vo Thi WW,0.933,1.0,3
TXN-7IF2G,RCPT-A0L7,Dang Thu J,0.9492,1.0,1
TXN-7IF2G,RCPT-1FPK,Dang Thi JJ,0.5909,1.0,2
TXN-7IF2G,BANKFEE-6VX,-,0.5561,1.0,3
TXN-A3KX7,RCPT-J60F,Vu Thi HH,0.9533,1.0,1
TXN-A3KX7,RCPT-P87W,Vu Thi HH,0.9533,1.0,2
TXN-A3KX7,BANKFEE-6VX,-,0.6291,1.0,3
TXN-DD4V3,RCPT-FRHO,Do Thi G,0.9321,1.0,1
TXN-DD4V3,RCPT-T9NT,Do Thi G,0.9321,1.0,2
TXN-DD4V3,ADJ-PK9P,-,0.6201,1.0,3
TXN-DP0LV,RCPT-E6GB,Le Van C,0.9462,1.0,1
TXN-DP0LV,BANKFEE-6VX,-,0.583,1.0,2
TXN-DP0LV,ADJ-PK9P,-,0.583,1.0,3
TXN-FPZUE,RCPT-T4UF,Vuong Ha Q,0.9495,1.0,1
TXN-FPZUE,RCPT-77AW,Vuong Van QQ,0.5807,1.0,2
TXN-FPZUE,RCPTFX-E8QJ,Vuong Van QQ,0.5807,1.0,3
TXN-G65KX,RCPT-QF5Q,Vo Thi WW,0.9425,1.0,1
TXN-G65KX,RCPT-5PHT,Vo Thi WW,0.9425,1.0,2
TXN-G65KX,RCPT-HNF8,Vo Thi WW,0.9425,1.0,3
TXN-GCX19,RCPT-5NQ4,Ngo Van KK,0.9532,1.0,1
TXN-GCX19,BANKFEE-6VX,-,0.6148,1.0,2
TXN-GCX19,ADJ-PK9P,-,0.6148,1.0,3
TXN-HJ7XV,RCPTFX-IC8B,Vo Hai W,0.9396,1.0,1
TXN-HJ7XV,RCPT-TIQJ,Vo Hai W,0.9396,1.0,2
TXN-HJ7XV,ADJ-PK9P,-,0.5987,1.0,3
TXN-HXTHV,RCPT-1FPK,Dang Thi JJ,0.9544,1.0,1
TXN-HXTHV,RCPT-A0L7,Dang Thu J,0.6527,1.0,2
TXN-HXTHV,BANKFEE-6VX,-,0.6127,1.0,3
TXN-IRODX,RCPT-PQ0Y,Hoang Van EE,0.9336,1.0,1
TXN-IRODX,SRVRCPT-ECR,Hoang Van EE,0.9336,1.0,2
TXN-IRODX,BANKFEE-6VX,-,0.6233,1.0,3
TXN-JI0Y6,RCPT-F8CG,Ta Van VV,0.9411,1.0,1
TXN-JI0Y6,RCPT-VBDI,Ta Van VV,0.9411,1.0,2
TXN-JI0Y6,SRVRCPT-DGI,Ta Van VV,0.9411,1.0,3
TXN-KC1MS,RCPT-LA5J,Ta Quynh V,0.9549,1.0,1
TXN-KC1MS,RCPTFX-APRP,Ta Quynh V,0.9549,1.0,2
TXN-KC1MS,BANKFEE-6VX,-,0.5842,1.0,3
TXN-LA753,RCPT-IIUC,Cao Van MM,0.9499,1.0,1
TXN-LA753,ADJ-PK9P,-,0.5836,1.0,2
TXN-LA753,BANKFEE-6VX,-,0.5836,1.0,3
TXN-N78BM,RCPT-XQPH,Luu Thi T,0.9314,0.0,1
TXN-N78BM,SRVRCPT-08H,Luu Thi T,0.9314,0.0,2
TXN-N78BM,RCPT-IMVI,Luu Thi T,0.9314,0.0,3
TXN-O4KH2,RCPT-XQPH,Luu Thi T,0.9418,1.0,1
TXN-O4KH2,SRVRCPT-08H,Luu Thi T,0.9418,1.0,2
TXN-O4KH2,RCPT-IMVI,Luu Thi T,0.9418,1.0,3
TXN-OYN6Q,RCPT-XQPH,Luu Thi T,0.9358,1.0,1
TXN-OYN6Q,SRVRCPT-08H,Luu Thi T,0.9358,1.0,2
TXN-OYN6Q,RCPT-IMVI,Luu Thi T,0.9358,1.0,3
TXN-R5XFF,RCPT-T0PV,Ly Thi PP,0.93,1.0,1
TXN-R5XFF,RCPTFX-D14V,Ly Bao P,0.6347,1.0,2
TXN-R5XFF,BANKFEE-6VX,-,0.6089,1.0,3
TXN-R7KO6,RCPT-C3O1,Tong Bao Y,0.9483,0.0,1
TXN-R7KO6,RCPT-T026,Tong Bao Y,0.9483,0.0,2
TXN-R7KO6,RCPT-XRGH,Tong Bao Y,0.9483,0.0,3
TXN-SDBDW,RCPT-VNVQ,Phan Quoc I,0.9583,1.0,1
TXN-SDBDW,ADJ-PK9P,-,0.5482,1.0,2
TXN-SDBDW,BANKFEE-6VX,-,0.5482,1.0,3
TXN-SYLZT,RCPT-XQPH,Luu Thi T,0.9358,0.0,1
TXN-SYLZT,SRVRCPT-08H,Luu Thi T,0.9358,0.0,2
TXN-SYLZT,RCPT-IMVI,Luu Thi T,0.9358,0.0,3
TXN-T0CVS,RCPT-F8CG,Ta Van VV,0.9411,1.0,1
TXN-T0CVS,RCPT-VBDI,Ta Van VV,0.9411,1.0,2
TXN-T0CVS,SRVRCPT-DGI,Ta Van VV,0.9411,1.0,3
TXN-TEX8F,RCPT-QF5Q,Vo Thi WW,0.9425,1.0,1
TXN-TEX8F,RCPT-5PHT,Vo Thi WW,0.9425,1.0,2
TXN-TEX8F,RCPT-HNF8,Vo Thi WW,0.9425,1.0,3
TXN-TSEMC,RCPT-NF4Z,Hoang Gia E,0.9264,1.0,1
TXN-TSEMC,RCPT-IYHE,Hoang Gia E,0.9264,1.0,2
TXN-TSEMC,ADJ-PK9P,-,0.5921,1.0,3
TXN-YE511,RCPT-EPQ8,Nguyen Van A,0.9415,1.0,1
TXN-YE511,SRVRCPT-IZL,Nguyen Thi BB,0.6279,1.0,2
TXN-YE511,ADJ-PK9P,-,0.5998,1.0,3
TXN-ZHWJR,RCPT-DPJA,Dinh Hai N,0.9371,1.0,1
TXN-ZHWJR,RCPTFX-QM5K,Dinh Hai N,0.9371,1.0,2
TXN-ZHWJR,RCPT-RIXA,Dinh Thi NN,0.6,1.0,3
